id,word
1,Hollywood
2,Well
3,Foot
4,New York
5,Spring
6,Court
7,Tube
8,Point
9,Tablet
10,Slip
11,Date
12,Drill
13,Lemon
14,Bell
15,Screen
16,Fair
17,Torch
18,State
19,Match
20,Iron
21,Block
22,France
23,Australia
24,Limousine
25,Stream
26,Glove
27,Nurse
28,Leprechaun
29,Play
30,Tooth
31,Arm
32,Bermuda
33,Diamond
34,Whale
35,Comic
36,Mammoth
37,Green
38,Pass
39,Missile
40,Paste
41,Drop
42,Pheonix
43,Marble
44,Staff
45,Figure
46,Park
47,Centaur
48,Shadow
49,Fish
50,Cotton
51,Egypt
52,Theater
53,Scale
54,Fall
55,Track
56,Force
57,Dinosaur
58,Bill
59,Mine
60,Turkey
61,March
62,Contract
63,Bridge
64,Robin
65,Line
66,Plate
67,Band
68,Fire
69,Bank
70,Boom
71,Cat
72,Shot
73,Suit
74,Chocolate
75,Roulette
76,Mercury
77,Moon
78,Net
79,Lawyer
80,Satellite
81,Angel
82,Spider
83,Germany
84,Fork
85,Pitch
86,King
87,Crane
88,Trip
89,Dog
90,Conductor
91,Part
92,Bugle
93,Witch
94,Ketchup
95,Press
96,Spine
97,Worm
98,Alps
99,Bond
100,Pan
101,Beijing
102,Racket
103,Cross
104,Seal
105,Aztec
106,Maple
107,Parachute
108,Hotel
109,Berry
110,Soldier
111,Ray
112,Post
113,Greece
114,Square
115,Mass
116,Bat
117,Wave
118,Car
119,Smuggler
120,England
121,Crash
122,Tail
123,Card
124,Horn
125,Capital
126,Fence
127,Deck
128,Buffalo
129,Microscope
130,Jet
131,Duck
132,Ring
133,Train
134,Field
135,Gold
136,Tick
137,Check
138,Queen
139,Strike
140,Kangaroo
141,Spike
142,Scientist
143,Engine
144,Shakespeare
145,Wind
146,Kid
147,Embassy
148,Robot
149,Note
150,Ground
151,Draft
152,Ham
153,War
154,Mouse
155,Center
156,Chick
157,China
158,Bolt
159,Spot
160,Piano
161,Pupil
162,Plot
163,Lion
164,Police
165,Head
166,Litter
167,Concert
168,Mug
169,Vacuum
170,Atlantis
171,Straw
172,Switch
173,Skyscraper
174,Laser
175,Scuba Diver
176,Africa
177,Plastic
178,Dwarf
179,Lap
180,Life
181,Honey
182,Horseshoe
183,Unicorn
184,Spy
185,Pants
186,Wall
187,Paper
188,Sound
189,Ice
190,Tag
191,Web
192,Fan
193,Orange
194,Temple
195,Canada
196,Scorpion
197,Undertaker
198,Mail
199,Europe
200,Soul
201,Apple
202,Pole
203,Tap
204,Mouth
205,Ambulance
206,Dress
207,Ice Cream
208,Rabbit
209,Buck
210,Agent
211,Sock
212,Nut
213,Boot
214,Ghost
215,Oil
216,Superhero
217,Code
218,Kiwi
219,Hospital
220,Saturn
221,Film
222,Button
223,Snowman
224,Helicopter
225,Loch Ness
226,Log
227,Princess
228,Time
229,Cook
230,Revolution
231,Shoe
232,Mole
233,Spell
234,Grass
235,Washer
236,Game
237,Beat
238,Hole
239,Horse
240,Pirate
241,Link
242,Dance
243,Fly
244,Pit
245,Server
246,School
247,Lock
248,Brush
249,Pool
250,Star
251,Jam
252,Organ
253,Berlin
254,Face
255,Luck
256,Amazon
257,Cast
258,Gas
259,Club
260,Sink
261,Water
262,Chair
263,Shark
264,Jupiter
265,Copper
266,Jack
267,Platypus
268,Stick
269,Olive
270,Grace
271,Bear
272,Glass
273,Row
274,Pistol
275,London
276,Rock
277,Van
278,Vet
279,Beach
280,Charge
281,Port
282,Disease
283,Palm
284,Moscow
285,Pin
286,Washington
287,Pyramid
288,Opera
289,Casino
290,Pilot
291,String
292,Night
293,Chest
294,Yard
295,Teacher
296,Pumpkin
297,Thief
298,Bark
299,Bug
300,Mint
301,Cycle
302,Telescope
303,Calf
304,Air
305,Box
306,Mount
307,Thumb
308,Antarctica
309,Trunk
310,Snow
311,Penguin
312,Root
313,Bar
314,File
315,Hawk
316,Battery
317,Compound
318,Slug
319,Octopus
320,Whip
321,America
322,Ivory
323,Pound
324,Sub
325,Cliff
326,Lab
327,Eagle
328,Genius
329,Ship
330,Dice
331,Hood
332,Heart
333,Novel
334,Pipe
335,Himalayas
336,Crown
337,Round
338,India
339,Needle
340,Shop
341,Watch
342,Lead
343,Tie
344,Table
345,Cell
346,Cover
347,Czech
348,Back
349,Bomb
350,Ruler
351,Forest
352,Bottle
353,Space
354,Hook
355,Doctor
356,Ball
357,Bow
358,Degree
359,Rome
360,Plane
361,Giant
362,Nail
363,Dragon
364,Stadium
365,Flute
366,Carrot
367,Wake
368,Fighter
369,Model
370,Tokyo
371,Eye
372,Mexico
373,Hand
374,Swing
375,Key
376,Alien
377,Tower
378,Poison
379,Cricket
380,Cold
381,Knife
382,Church
383,Board
384,Cloak
385,Ninja
386,Olympus
387,Belt
388,Light
389,Death
390,Stock
391,Millionaire
392,Day
393,Knight
394,Pie
395,Bed
396,Circle
397,Rose
398,Change
399,Cap
400,Triangle
